id,name,source,output,eye_y_review_before,eye_y_review_target,old_head_alignment_scale,eye_alignment_adjust,common_canvas_fit,final_scale_from_normalized_source,placement_x,placement_y,final_eye_y,final_baseline_y,bbox_x0,bbox_y0,bbox_x1,bbox_y1,width,height,mode,alpha_lt16_pixels,sha256,bytes
01_patrol_car,パトカー,01_patrol_car_super_robot_normalized_v1.png,01_patrol_car_super_robot.png,165,202,0.954086,0.962963,0.926829,0.851524,232,180,279,1171,232,180,1022,1170,1254,1254,RGBA,0,034b83c673c9f4bf077a671934dc6547afbe4d98f2fef88a1553b9839d244a43,967090
02_fire_engine,消防車,02_fire_engine_super_robot_normalized_v1.png,02_fire_engine_super_robot.png,202,202,1.000000,1.000000,0.926829,0.926829,218,92,279,1171,218,92,1034,1170,1254,1254,RGBA,0,95dc93c332ce74ae6862cc639ccbe8c5229251febf1a443a83be2efa45af6478,1155425
03_ambulance,救急車,03_ambulance_super_robot_normalized_v1.png,03_ambulance_super_robot.png,230,202,1.004836,1.029979,0.926829,0.959231,173,54,279,1171,173,54,1080,1170,1254,1254,RGBA,0,35483cd13a891a4c680365f5b4af5a362cdf36ebfb84b613d03f79bc7ba822c7,1260465
04_delivery_truck,宅配便車,04_delivery_truck_super_robot_normalized_v1.png,04_delivery_truck_super_robot.png,170,202,0.962929,0.967807,0.926829,0.863739,228,166,279,1171,228,166,1024,1170,1254,1254,RGBA,0,1b5a93a531672e54ffb0242d08076e2eb91c693597c540005fb53bb381d108d8,1000532
05_mail_van,郵便車,05_mail_van_super_robot_normalized_v1.png,05_mail_van_super_robot.png,192,202,0.981114,0.989712,0.926829,0.899970,162,123,279,1171,162,123,1092,1170,1254,1254,RGBA,0,1dd171d8449f446074868763b9603444bffd950eda9f757b48536df56fa6211e,1314136
06_garbage_truck,ゴミ収集車,06_garbage_truck_super_robot_normalized_v1.png,06_garbage_truck_super_robot.png,166,202,0.967412,0.963928,0.926829,0.864283,196,165,279,1171,196,165,1058,1170,1254,1254,RGBA,0,d5ae245d6a2b8b6e4f606bb620e3c8debff01be2af566e7c5ebe8eeab27ad864,1149276
07_tow_truck,レッカー車,07_tow_truck_super_robot_normalized_v1.png,07_tow_truck_super_robot.png,174,202,0.967412,0.971717,0.926829,0.871267,221,157,279,1171,221,157,1032,1170,1254,1254,RGBA,0,9098139805631d599f8c0bb58e5ecf459ed10c3ce8b92e33e38f676855f729b5,1049315
08_crane_truck,クレーン車,08_crane_truck_super_robot_normalized_v1.png,08_crane_truck_super_robot.png,164,202,0.976504,0.962000,0.926829,0.870660,177,170,279,1171,177,170,1076,1170,1254,1254,RGBA,0,d1361a1cb153cdd705c8997a61cf01a864497b8341559b305e59ac44d0f4e72b,1201560
09_concrete_mixer,コンクリートミキサー車,09_concrete_mixer_super_robot_normalized_v1.png,09_concrete_mixer_super_robot.png,198,202,0.932675,0.995859,0.926829,0.860851,239,169,279,1171,239,169,1014,1170,1254,1254,RGBA,0,605d3ea57b7aae26aeefefeb9c5c72e4401a1f0fcfb8132bba8ca2639b2f458c,1160898
10_bulldozer,ブルドーザー,10_bulldozer_super_robot_normalized_v1.png,10_bulldozer_super_robot.png,166,202,0.954086,0.963928,0.926829,0.852377,212,179,279,1171,212,179,1041,1170,1254,1254,RGBA,0,bdf8177907296a536285bc25f3debed15f25cafa42e20f713a8678deed992801,1064255
11_road_roller,ロードローラー,11_road_roller_super_robot_normalized_v1.png,11_road_roller_super_robot.png,189,202,0.995211,0.986667,0.926829,0.910092,172,112,279,1171,172,112,1081,1170,1254,1254,RGBA,0,a5493a3f58631a210d0b0719735b0b5aa97b86eb7e014bc8da48ee5b1d8c871c,1321943
12_tank_lorry,タンクローリー,12_tank_lorry_super_robot_normalized_v1.png,12_tank_lorry_super_robot.png,175,202,0.954086,0.972700,0.926829,0.860134,222,170,279,1171,222,170,1031,1170,1254,1254,RGBA,0,1dd62acfd1d6afaf16addca9c0995edb0411f829a16070a5a5552d60933f3a7d,1155832
13_watering_truck,散水車,13_watering_truck_super_robot_normalized_v1.png,13_watering_truck_super_robot.png,179,202,0.928508,0.976650,0.926829,0.840474,221,193,279,1171,221,193,1032,1170,1254,1254,RGBA,0,a5e14e0c62528d32505d8404ebbcb51b006bccd3122ec1c0c20baa5241458098,1095149
14_kindergarten_bus,幼稚園バス,14_kindergarten_bus_super_robot_normalized_v1.png,14_kindergarten_bus_super_robot.png,172,202,1.024655,0.969758,0.926829,0.920960,190,99,279,1171,190,99,1063,1170,1254,1254,RGBA,0,214605fbbd45b728199f43d6bd7e9f676f46efe81c3ad0381c7b7913b8409884,1206434
15_sightseeing_bus,観光バス,15_sightseeing_bus_super_robot_normalized_v1.png,15_sightseeing_bus_super_robot.png,202,202,0.932675,1.000000,0.926829,0.864430,210,165,279,1171,210,165,1044,1170,1254,1254,RGBA,0,5fa8476408f30c8d0f9311bef0a462dec5f03116d38ea4b811e95a658a671d48,1034977
16_formula_racer,フォーミュラカー,16_formula_racer_super_robot_normalized_v1.png,16_formula_racer_super_robot.png,209,202,1.019627,1.007330,0.926829,0.951947,135,106,279,1171,135,106,1118,1170,1254,1254,RGBA,0,8385e4c6023f3841677725e7903c36080d49985fa3e8ca3c018c811d52e76af2,1270391
17_racing_bike,レーシングバイク,17_racing_bike_super_robot_normalized_v1.png,17_racing_bike_super_robot.png,203,202,0.971936,1.001041,0.926829,0.901756,264,121,279,1171,264,121,989,1170,1254,1254,RGBA,0,14dd1dee7ed5f13aece256389d5efacb74abc2523e8493c6e944540b1b8a04ec,1073264
18_snowmobile,スノーモービル,18_snowmobile_super_robot_normalized_v1.png,18_snowmobile_super_robot.png,171,202,0.958487,0.968781,0.926829,0.860621,198,169,279,1171,198,169,1054,1170,1254,1254,RGBA,0,ddffe5db8f7646e5c2a2948f0787f67ae0187f628301225956b5b5b053ca0bd9,1085638
19_helicopter,ヘリコプター,19_helicopter_super_robot_normalized_v1.png,19_helicopter_super_robot.png,179,202,1.100636,0.976650,0.926829,0.996282,144,11,279,1171,144,11,1109,1170,1254,1254,RGBA,0,9e23eb071a310417c27c54ef91b267f358a97224985e9748c024aef95ba35ca4,1253928
20_airplane,飛行機,20_airplane_super_robot_normalized_v1.png,20_airplane_super_robot.png,142,202,1.061287,0.941292,0.926829,0.925884,148,96,279,1171,148,96,1104,1170,1254,1254,RGBA,0,e53a17c5b7951d9fe3afcdf0c593238edf00cb6d9ef95bc5e063027858756eb4,1186285
