No.,車種名,ファイル名,入力PNG（最新候補）,Scale（入力PNG比）,X offset px,Y offset px,拡大基準X,拡大基準Y,表示bbox左,表示bbox上,表示bbox右,表示bbox下,表示幅,表示高さ,入力SHA256
01,パトカー,01_patrol_car_robot.png,C:\Users\Kimihiko Sato\mainichi-quest\review\collection\02_robot\size_y_adjusted_2026-10-06\01_patrol_car_robot.png,1.000,0,0,627,1195,144,101,1109,1199,965,1098,b4a52e2fe9ab0d8763f8d3088f44a9be4b90a1b3d3dd74924518f3cd3498c7b9
02,消防車,02_fire_engine_robot.png,C:\Users\Kimihiko Sato\mainichi-quest\review\collection\02_robot\size_y_adjusted_2026-10-06\02_fire_engine_robot.png,1.000,0,0,627,1195,133,100,1122,1196,989,1096,d85482ecf9bff14ffd3f87b310f2a0985d6be92a1dee5f1f2817a46f74dc01d7
03,救急車,03_ambulance_robot.png,C:\Users\Kimihiko Sato\mainichi-quest\review\collection\02_robot\size_y_adjusted_2026-10-06\03_ambulance_robot.png,1.000,0,0,627,1195,142,116,1112,1196,970,1080,6011cd7f839fac20849d9d17ca69205fe215b34138fc510be19d744c7bf20c60
04,宅配便車,04_delivery_truck_robot.png,C:\Users\Kimihiko Sato\mainichi-quest\review\collection\02_robot\size_y_adjusted_2026-10-06\04_delivery_truck_robot.png,1.000,0,0,627,1195,160,77,1095,1196,935,1119,5f997156f1bb336e64d2c9e0182c9976d8fd593dcc3811f6c74cdac0333f613a
05,郵便車,05_mail_van_robot.png,C:\Users\Kimihiko Sato\mainichi-quest\review\collection\02_robot\design_fix_mail_previous_2026-10-06\05_mail_van_robot.png,1.000,0,0,627,1195,149,53,1106,1196,957,1143,5917db01272555ea7485c95949476012b5cf139e7a76ac4161261fbc390362b0
06,ゴミ収集車,06_garbage_truck_robot.png,C:\Users\Kimihiko Sato\mainichi-quest\review\collection\02_robot\size_y_adjusted_2026-10-06\06_garbage_truck_robot.png,1.000,0,0,627,1195,117,111,1137,1199,1020,1088,223e38fcb2729784971fa03c9dab2a84a9abd84f1471d6224a7e580fea31c616
07,レッカー車,07_tow_truck_robot.png,C:\Users\Kimihiko Sato\mainichi-quest\review\collection\02_robot\size_y_adjusted_2026-10-06\07_tow_truck_robot.png,1.040,0,0,627,1195,99,82,1154,1198,1055,1116,04d9d77a53a5075e75112725ff054e2334eb3c149481d1085fa8ebba4dc309c3
08,幼稚園バス,14_kindergarten_bus_robot.png,C:\Users\Kimihiko Sato\mainichi-quest\review\collection\02_robot\size_y_adjusted_2026-10-06\14_kindergarten_bus_robot.png,1.000,0,0,627,1195,155,44,1099,1196,944,1152,b4d94e55b6739fed66a1100958f50668931e7720633c76f716b0e99e8c6a9a43
09,観光バス,15_sightseeing_bus_robot.png,C:\Users\Kimihiko Sato\mainichi-quest\review\collection\02_robot\size_y_adjusted_2026-10-06\15_sightseeing_bus_robot.png,1.000,0,0,627,1195,129,65,1125,1196,996,1131,1bb526614b673451990417753794ce34cea68f23af8c150020d037b625ab6848
10,散水車,13_watering_truck_robot.png,C:\Users\Kimihiko Sato\mainichi-quest\review\collection\02_robot\size_y_adjusted_2026-10-06\13_watering_truck_robot.png,1.000,0,0,627,1195,91,100,1162,1196,1071,1096,002185c4100c5077fd84e1bc5887f046ca0e8533cb5e16ce04ae6a8e0cd646c2
11,タンクローリー,12_tank_lorry_robot.png,C:\Users\Kimihiko Sato\mainichi-quest\review\collection\02_robot\size_y_adjusted_2026-10-06\12_tank_lorry_robot.png,1.000,0,0,627,1195,98,84,1158,1196,1060,1112,b1a3ba59d08258bd637002043aa06869894de0ae254ff6c4c2b1982deff038b3
12,コンクリートミキサー車,09_concrete_mixer_robot.png,C:\Users\Kimihiko Sato\mainichi-quest\review\collection\02_robot\size_y_adjusted_2026-10-06\09_concrete_mixer_robot.png,1.040,0,0,627,1195,142,50,1114,1196,972,1146,4bda6989866ff0203c666abcd61d3100dffde21c57aab29c42b57d50b0735961
13,クレーン車,08_crane_truck_robot.png,C:\Users\Kimihiko Sato\mainichi-quest\review\collection\02_robot\size_y_adjusted_2026-10-06\08_crane_truck_robot.png,1.000,0,0,627,1195,167,52,1086,1196,919,1144,3bd3b92d5b1532f7c4a2d38908cb79327f4097b3e608608f6aea25db46284321
14,ブルドーザー,10_bulldozer_robot.png,C:\Users\Kimihiko Sato\mainichi-quest\review\collection\02_robot\design_fix_mail_previous_2026-10-06\10_bulldozer_robot.png,1.000,0,0,627,1195,107,85,1172,1209,1065,1124,707ff441f6fcf5caa05aebf944a8425912b9a834e02cc363d4d64e84bf30b9a2
15,ロードローラー,11_road_roller_robot.png,C:\Users\Kimihiko Sato\mainichi-quest\review\collection\02_robot\size_y_adjusted_2026-10-06\11_road_roller_robot.png,1.000,0,0,627,1195,138,48,1116,1199,978,1151,51f3e660d355a1adada5c10329f029a1b01060b047a69ae7319c497c567a9685
16,F1カー,16_formula_racer_robot.png,C:\Users\Kimihiko Sato\mainichi-quest\review\collection\02_robot\size_y_adjusted_2026-10-06\16_formula_racer_robot.png,1.000,0,0,627,1195,131,100,1121,1196,990,1096,2d9c2738944e80901fa4ee82c5070aaa41bffa428577a041103be8d0125d6c19
17,レーシングバイク,17_racing_bike_robot.png,C:\Users\Kimihiko Sato\mainichi-quest\review\collection\02_robot\minor_fix_2026-10-06_v2\17_racing_bike_robot.png,1.000,0,0,627,1195,158,21,1095,1197,937,1176,0516f607a244c4fc09cf549cb4459a743a2ffcb5a637901ebf84d611dd714b75
18,スノーモービル,18_snowmobile_robot.png,C:\Users\Kimihiko Sato\mainichi-quest\review\collection\02_robot\minor_fix_2026-10-06_v2\18_snowmobile_robot.png,1.000,0,25,627,1195,52,112,1202,1224,1150,1112,e46d7f866bfbb430ad8ae2392c90a0124213b44d6e29888c5e83d0e1e7320249
19,ヘリコプター,19_helicopter_robot.png,C:\Users\Kimihiko Sato\mainichi-quest\review\collection\02_robot\size_y_adjusted_2026-10-06\19_helicopter_robot.png,1.045,0,0,627,1195,62,48,1190,1191,1128,1143,68e42a24c44ef9aa8dec04ad44fa3106823fda839b58604c383f3f988ca11564
20,飛行機,20_airplane_robot.png,C:\Users\Kimihiko Sato\mainichi-quest\review\collection\02_robot\size_y_adjusted_2026-10-06\20_airplane_robot.png,1.000,0,0,627,1195,89,66,1164,1191,1075,1125,9e41267c7ddafa0836eff6682d841d9de7bd23f079132fbacedf382177f15f2d
